kommune;ags;land;szenario;w_exponiert_m2;a_schaden_m2;jahresschaden_m2a;quelle_hq_flaeche;quelle_hq_tiefe;quelle_gebaeudewert
Grimma;14729160;SN;HQhäufig;42251.454229;3423.812908;1386.333214;https://luis.sachsen.de/arcgis/rest/services/wasser/hochwassergefaehrdung/MapServer/6;https://luis.sachsen.de/arcgis/rest/services/wasser/hochwassergefaehrdung/MapServer/6;https://www.destatis.de/static/DE/zensus/gitterdaten/Wohnungen_nach_Gebaeudetyp_Groesse.zip | https://www.destatis.de/static/DE/zensus/gitterdaten/Durchschnittliche_Flaeche_je_Wohnung_in_Gitterzellen.zip
Grimma;14729160;SN;HQ100;125490.115895;21559.808563;1386.333214;https://luis.sachsen.de/arcgis/rest/services/wasser/hochwassergefaehrdung/MapServer/8;https://luis.sachsen.de/arcgis/rest/services/wasser/hochwassergefaehrdung/MapServer/8;https://www.destatis.de/static/DE/zensus/gitterdaten/Wohnungen_nach_Gebaeudetyp_Groesse.zip | https://www.destatis.de/static/DE/zensus/gitterdaten/Durchschnittliche_Flaeche_je_Wohnung_in_Gitterzellen.zip
Grimma;14729160;SN;HQextrem;135197.331267;29155.739176;1386.333214;https://luis.sachsen.de/arcgis/rest/services/wasser/hochwassergefaehrdung/MapServer/10;https://luis.sachsen.de/arcgis/rest/services/wasser/hochwassergefaehrdung/MapServer/9;https://www.destatis.de/static/DE/zensus/gitterdaten/Wohnungen_nach_Gebaeudetyp_Groesse.zip | https://www.destatis.de/static/DE/zensus/gitterdaten/Durchschnittliche_Flaeche_je_Wohnung_in_Gitterzellen.zip
Dresden;14612000;SN;HQhäufig;406897.203435;49610.771113;19099.804524;https://luis.sachsen.de/arcgis/rest/services/wasser/hochwassergefaehrdung/MapServer/6;https://luis.sachsen.de/arcgis/rest/services/wasser/hochwassergefaehrdung/MapServer/6;https://www.destatis.de/static/DE/zensus/gitterdaten/Wohnungen_nach_Gebaeudetyp_Groesse.zip | https://www.destatis.de/static/DE/zensus/gitterdaten/Durchschnittliche_Flaeche_je_Wohnung_in_Gitterzellen.zip
Dresden;14612000;SN;HQ100;2597695.488843;282752.942705;19099.804524;https://luis.sachsen.de/arcgis/rest/services/wasser/hochwassergefaehrdung/MapServer/8;https://luis.sachsen.de/arcgis/rest/services/wasser/hochwassergefaehrdung/MapServer/8;https://www.destatis.de/static/DE/zensus/gitterdaten/Wohnungen_nach_Gebaeudetyp_Groesse.zip | https://www.destatis.de/static/DE/zensus/gitterdaten/Durchschnittliche_Flaeche_je_Wohnung_in_Gitterzellen.zip
Dresden;14612000;SN;HQextrem;4616278.507428;497839.680876;19099.804524;https://luis.sachsen.de/arcgis/rest/services/wasser/hochwassergefaehrdung/MapServer/10;https://luis.sachsen.de/arcgis/rest/services/wasser/hochwassergefaehrdung/MapServer/9;https://www.destatis.de/static/DE/zensus/gitterdaten/Wohnungen_nach_Gebaeudetyp_Groesse.zip | https://www.destatis.de/static/DE/zensus/gitterdaten/Durchschnittliche_Flaeche_je_Wohnung_in_Gitterzellen.zip
Deggendorf;09271119;BY;HQhäufig;21695.162750;1730.853342;1486.299886;https://www.lfu.bayern.de/gdi/wms/wasser/ueberschwemmungsgebiete?SERVICE=WMS&REQUEST=GetMap&LAYERS=hwgf_hqhaeufig;https://www.lfu.bayern.de/gdi/wms/wasser/wassertiefen?SERVICE=WMS&REQUEST=GetMap&LAYERS=wt_hqhaeufig;https://www.destatis.de/static/DE/zensus/gitterdaten/Wohnungen_nach_Gebaeudetyp_Groesse.zip | https://www.destatis.de/static/DE/zensus/gitterdaten/Durchschnittliche_Flaeche_je_Wohnung_in_Gitterzellen.zip
Deggendorf;09271119;BY;HQ100;368542.205925;19225.150347;1486.299886;https://www.lfu.bayern.de/gdi/wms/wasser/ueberschwemmungsgebiete?SERVICE=WMS&REQUEST=GetMap&LAYERS=hwgf_hq100,hwgg_hq100;https://www.lfu.bayern.de/gdi/wms/wasser/wassertiefen?SERVICE=WMS&REQUEST=GetMap&LAYERS=wt_hq100,wt_hwgg_hq100;https://www.destatis.de/static/DE/zensus/gitterdaten/Wohnungen_nach_Gebaeudetyp_Groesse.zip | https://www.destatis.de/static/DE/zensus/gitterdaten/Durchschnittliche_Flaeche_je_Wohnung_in_Gitterzellen.zip
Deggendorf;09271119;BY;HQextrem;510799.781650;76601.133749;1486.299886;https://www.lfu.bayern.de/gdi/wms/wasser/ueberschwemmungsgebiete?SERVICE=WMS&REQUEST=GetMap&LAYERS=hwgf_hqextrem;https://www.lfu.bayern.de/gdi/wms/wasser/wassertiefen?SERVICE=WMS&REQUEST=GetMap&LAYERS=wt_hqextrem;https://www.destatis.de/static/DE/zensus/gitterdaten/Wohnungen_nach_Gebaeudetyp_Groesse.zip | https://www.destatis.de/static/DE/zensus/gitterdaten/Durchschnittliche_Flaeche_je_Wohnung_in_Gitterzellen.zip
Passau;09262000;BY;HQhäufig;66266.214025;15160.674432;2772.174181;https://www.lfu.bayern.de/gdi/wms/wasser/ueberschwemmungsgebiete?SERVICE=WMS&REQUEST=GetMap&LAYERS=hwgf_hqhaeufig;https://www.lfu.bayern.de/gdi/wms/wasser/wassertiefen?SERVICE=WMS&REQUEST=GetMap&LAYERS=wt_hqhaeufig;https://www.destatis.de/static/DE/zensus/gitterdaten/Wohnungen_nach_Gebaeudetyp_Groesse.zip | https://www.destatis.de/static/DE/zensus/gitterdaten/Durchschnittliche_Flaeche_je_Wohnung_in_Gitterzellen.zip
Passau;09262000;BY;HQ100;187485.884700;34219.315054;2772.174181;https://www.lfu.bayern.de/gdi/wms/wasser/ueberschwemmungsgebiete?SERVICE=WMS&REQUEST=GetMap&LAYERS=hwgf_hq100,hwgg_hq100;https://www.lfu.bayern.de/gdi/wms/wasser/wassertiefen?SERVICE=WMS&REQUEST=GetMap&LAYERS=wt_hq100,wt_hwgg_hq100;https://www.destatis.de/static/DE/zensus/gitterdaten/Wohnungen_nach_Gebaeudetyp_Groesse.zip | https://www.destatis.de/static/DE/zensus/gitterdaten/Durchschnittliche_Flaeche_je_Wohnung_in_Gitterzellen.zip
Passau;09262000;BY;HQextrem;307503.071625;68197.796400;2772.174181;https://www.lfu.bayern.de/gdi/wms/wasser/ueberschwemmungsgebiete?SERVICE=WMS&REQUEST=GetMap&LAYERS=hwgf_hqextrem;https://www.lfu.bayern.de/gdi/wms/wasser/wassertiefen?SERVICE=WMS&REQUEST=GetMap&LAYERS=wt_hqextrem;https://www.destatis.de/static/DE/zensus/gitterdaten/Wohnungen_nach_Gebaeudetyp_Groesse.zip | https://www.destatis.de/static/DE/zensus/gitterdaten/Durchschnittliche_Flaeche_je_Wohnung_in_Gitterzellen.zip
Halle (Saale);15002000;ST;HQhäufig;44818.426628;8360.550358;2387.501687;https://www.geofachdatenserver.de/de/hochwassergefahrenkarte-hq10-download.html;https://www.geofachdatenserver.de/de/hochwassergefahrenkarte-hq10-download.html;https://www.destatis.de/static/DE/zensus/gitterdaten/Wohnungen_nach_Gebaeudetyp_Groesse.zip | https://www.destatis.de/static/DE/zensus/gitterdaten/Durchschnittliche_Flaeche_je_Wohnung_in_Gitterzellen.zip
Halle (Saale);15002000;ST;HQ100;103624.620216;15632.846728;2387.501687;https://www.geofachdatenserver.de/de/hochwassergefahrenkarte-hq100-download.html;https://www.geofachdatenserver.de/de/hochwassergefahrenkarte-hq100-download.html;https://www.destatis.de/static/DE/zensus/gitterdaten/Wohnungen_nach_Gebaeudetyp_Groesse.zip | https://www.destatis.de/static/DE/zensus/gitterdaten/Durchschnittliche_Flaeche_je_Wohnung_in_Gitterzellen.zip
Halle (Saale);15002000;ST;HQextrem;1098550.871452;203842.057913;2387.501687;https://www.geofachdatenserver.de/de/hochwassergefahrenkarte-hq200-download.html;https://www.geofachdatenserver.de/de/hochwassergefahrenkarte-hq200-download.html;https://www.destatis.de/static/DE/zensus/gitterdaten/Wohnungen_nach_Gebaeudetyp_Groesse.zip | https://www.destatis.de/static/DE/zensus/gitterdaten/Durchschnittliche_Flaeche_je_Wohnung_in_Gitterzellen.zip
Hitzacker;03354009;NI;HQhäufig;1466.896333;356.540398;78.107850;https://www.umweltkarten-niedersachsen.de/Download_OE/HWSchutz/HWRMRL_Z2_Risikogebiete_HQhaeufig.zip;https://www.umweltkarten-niedersachsen.de/Download_OE/HWSchutz/HWRMRL_Z2_Wassertiefen_HQhaeufig.zip;https://www.destatis.de/static/DE/zensus/gitterdaten/Wohnungen_nach_Gebaeudetyp_Groesse.zip | https://www.destatis.de/static/DE/zensus/gitterdaten/Durchschnittliche_Flaeche_je_Wohnung_in_Gitterzellen.zip
Hitzacker;03354009;NI;HQ100;1492.799088;373.199772;78.107850;https://www.umweltkarten-niedersachsen.de/Download_OE/HWSchutz/HWRMRL_Z2_Risikogebiete_HQ100.zip;https://www.umweltkarten-niedersachsen.de/Download_OE/HWSchutz/HWRMRL_Z2_Wassertiefen_HQ100.zip;https://www.destatis.de/static/DE/zensus/gitterdaten/Wohnungen_nach_Gebaeudetyp_Groesse.zip | https://www.destatis.de/static/DE/zensus/gitterdaten/Durchschnittliche_Flaeche_je_Wohnung_in_Gitterzellen.zip
Hitzacker;03354009;NI;HQextrem;55409.044894;7162.561225;78.107850;https://www.umweltkarten-niedersachsen.de/Download_OE/HWSchutz/HWRMRL_Z2_Risikogebiete_HQextrem.zip;https://www.umweltkarten-niedersachsen.de/Download_OE/HWSchutz/HWRMRL_Z2_Wassertiefen_HQextrem.zip;https://www.destatis.de/static/DE/zensus/gitterdaten/Wohnungen_nach_Gebaeudetyp_Groesse.zip | https://www.destatis.de/static/DE/zensus/gitterdaten/Durchschnittliche_Flaeche_je_Wohnung_in_Gitterzellen.zip
Rosenheim;09163000;BY;HQhäufig;13707.495400;2801.329406;1482.288720;https://www.lfu.bayern.de/gdi/wms/wasser/ueberschwemmungsgebiete?SERVICE=WMS&REQUEST=GetMap&LAYERS=hwgf_hqhaeufig;https://www.lfu.bayern.de/gdi/wms/wasser/wassertiefen?SERVICE=WMS&REQUEST=GetMap&LAYERS=wt_hqhaeufig;https://www.destatis.de/static/DE/zensus/gitterdaten/Wohnungen_nach_Gebaeudetyp_Groesse.zip | https://www.destatis.de/static/DE/zensus/gitterdaten/Durchschnittliche_Flaeche_je_Wohnung_in_Gitterzellen.zip
Rosenheim;09163000;BY;HQ100;21676.982625;4469.140581;1482.288720;https://www.lfu.bayern.de/gdi/wms/wasser/ueberschwemmungsgebiete?SERVICE=WMS&REQUEST=GetMap&LAYERS=hwgf_hq100,hwgg_hq100;https://www.lfu.bayern.de/gdi/wms/wasser/wassertiefen?SERVICE=WMS&REQUEST=GetMap&LAYERS=wt_hq100,wt_hwgg_hq100;https://www.destatis.de/static/DE/zensus/gitterdaten/Wohnungen_nach_Gebaeudetyp_Groesse.zip | https://www.destatis.de/static/DE/zensus/gitterdaten/Durchschnittliche_Flaeche_je_Wohnung_in_Gitterzellen.zip
Rosenheim;09163000;BY;HQextrem;1664217.965100;185969.630285;1482.288720;https://www.lfu.bayern.de/gdi/wms/wasser/ueberschwemmungsgebiete?SERVICE=WMS&REQUEST=GetMap&LAYERS=hwgf_hqextrem;https://www.lfu.bayern.de/gdi/wms/wasser/wassertiefen?SERVICE=WMS&REQUEST=GetMap&LAYERS=wt_hqextrem;https://www.destatis.de/static/DE/zensus/gitterdaten/Wohnungen_nach_Gebaeudetyp_Groesse.zip | https://www.destatis.de/static/DE/zensus/gitterdaten/Durchschnittliche_Flaeche_je_Wohnung_in_Gitterzellen.zip
Reichertshofen;09186147;BY;HQhäufig;3076.543150;450.839074;60.055534;https://www.lfu.bayern.de/gdi/wms/wasser/ueberschwemmungsgebiete?SERVICE=WMS&REQUEST=GetMap&LAYERS=hwgf_hqhaeufig;https://www.lfu.bayern.de/gdi/wms/wasser/wassertiefen?SERVICE=WMS&REQUEST=GetMap&LAYERS=wt_hqhaeufig;https://www.destatis.de/static/DE/zensus/gitterdaten/Wohnungen_nach_Gebaeudetyp_Groesse.zip | https://www.destatis.de/static/DE/zensus/gitterdaten/Durchschnittliche_Flaeche_je_Wohnung_in_Gitterzellen.zip
Reichertshofen;09186147;BY;HQ100;5351.764575;657.099157;60.055534;https://www.lfu.bayern.de/gdi/wms/wasser/ueberschwemmungsgebiete?SERVICE=WMS&REQUEST=GetMap&LAYERS=hwgf_hq100,hwgg_hq100;https://www.lfu.bayern.de/gdi/wms/wasser/wassertiefen?SERVICE=WMS&REQUEST=GetMap&LAYERS=wt_hq100,wt_hwgg_hq100;https://www.destatis.de/static/DE/zensus/gitterdaten/Wohnungen_nach_Gebaeudetyp_Groesse.zip | https://www.destatis.de/static/DE/zensus/gitterdaten/Durchschnittliche_Flaeche_je_Wohnung_in_Gitterzellen.zip
Reichertshofen;09186147;BY;HQextrem;15080.821750;1249.989238;60.055534;https://www.lfu.bayern.de/gdi/wms/wasser/ueberschwemmungsgebiete?SERVICE=WMS&REQUEST=GetMap&LAYERS=hwgf_hqextrem;https://www.lfu.bayern.de/gdi/wms/wasser/wassertiefen?SERVICE=WMS&REQUEST=GetMap&LAYERS=wt_hqextrem;https://www.destatis.de/static/DE/zensus/gitterdaten/Wohnungen_nach_Gebaeudetyp_Groesse.zip | https://www.destatis.de/static/DE/zensus/gitterdaten/Durchschnittliche_Flaeche_je_Wohnung_in_Gitterzellen.zip
