ags5,kreis,land,punkte,einwohner,gewicht_anteil,q_kreis,q_kreis_rel_bund,q_1997_2009,q_2010_2022,ssd_trend_positiv_beide,index_eur_je_ew_bundeswert,index_eur_je_ew_kreiswert
01002,Kiel,Schleswig-Holstein,1,249132,0.001005,1.1038,0.6546,0.7690,0.5577,1,0.3309,0.5475
01003,Lübeck,Schleswig-Holstein,1,215958,0.000463,1.0837,0.6244,0.5718,0.6715,1,0.1761,0.2860
01004,Neumünster,Schleswig-Holstein,1,79625,0.000832,0.9540,0.4301,0.7269,0.6391,1,0.8573,1.2259
01051,Dithmarschen,Schleswig-Holstein,116,132810,0.001611,0.8630,0.2936,0.7942,0.5214,1,0.9951,1.2873
01053,Herzogtum Lauenburg,Schleswig-Holstein,132,203381,0.001561,1.1116,0.6663,0.4910,0.6899,1,0.6297,1.0493
01054,Nordfriesland,Schleswig-Holstein,58,75220,0.000979,2.0947,2.1399,1.0991,0.7775,1,1.0677,3.3524
01055,Ostholstein,Schleswig-Holstein,35,199375,0.001490,1.3338,0.9994,0.8574,0.8676,1,0.6130,1.2257
01056,Pinneberg,Schleswig-Holstein,48,318870,0.003029,0.7040,0.0554,0.4409,0.6912,1,0.7793,0.8224
01057,Plön,Schleswig-Holstein,85,129634,0.000989,1.1535,0.7291,0.8276,0.6089,1,0.6262,1.0828
01058,Rendsburg-Eckernförde,Schleswig-Holstein,165,275744,0.002187,1.0566,0.5839,0.7955,0.5994,1,0.6509,1.0309
01059,Schleswig-Flensburg,Schleswig-Holstein,95,141907,0.001209,0.9651,0.4468,0.6700,0.6499,1,0.6992,1.0115
01060,Segeberg,Schleswig-Holstein,95,277323,0.002336,0.7605,0.1401,0.5473,0.6549,1,0.6911,0.7879
01061,Steinburg,Schleswig-Holstein,111,131002,0.001078,0.7730,0.1587,0.6648,0.5139,1,0.6753,0.7825
01062,Stormarn,Schleswig-Holstein,55,245049,0.002087,0.8436,0.2645,0.4431,0.7108,1,0.6989,0.8838
02000,Hamburg,Hamburg,1,1808846,0.020299,0.8760,0.3132,0.4103,0.6673,1,0.9207,1.2091
03101,Braunschweig,Niedersachsen,1,252816,0.004048,0.6467,-0.0306,0.3310,0.5970,1,1.3135,1.2733
03102,Salzgitter,Niedersachsen,1,104215,0.001896,0.5962,-0.1062,0.2138,0.7190,1,1.4924,1.3338
03103,Wolfsburg,Niedersachsen,1,127145,0.002104,0.8231,0.2338,0.4923,0.6217,1,1.3574,1.6747
03151,Gifhorn,Niedersachsen,41,174662,0.002554,0.7980,0.1963,0.4211,0.5904,1,1.1997,1.4352
03153,Goslar,Niedersachsen,6,122490,0.002486,0.5358,-0.1969,0.1987,0.7991,1,1.6649,1.3371
03154,Helmstedt,Niedersachsen,23,90546,0.001844,0.6304,-0.0551,0.2961,0.7252,1,1.6711,1.5791
03155,Northeim,Niedersachsen,11,126230,0.002647,0.6530,-0.0212,0.3388,0.6900,1,1.7205,1.6840
03157,Peine,Niedersachsen,7,136119,0.002189,0.6527,-0.0216,0.2798,0.6432,1,1.3195,1.2910
03158,Wolfenbüttel,Niedersachsen,32,117702,0.002294,0.5840,-0.1246,0.2553,0.6791,1,1.5988,1.3995
03159,Göttingen,Niedersachsen,39,325699,0.004901,0.7479,0.1212,0.3237,0.6483,1,1.2345,1.3841
03241,Region Hannover,Niedersachsen,21,1129158,0.013352,0.8100,0.2143,0.2794,0.6846,1,0.9702,1.1780
03251,Diepholz,Niedersachsen,45,218256,0.002886,0.6089,-0.0872,0.3299,0.5401,1,1.0848,0.9902
03252,Hameln-Pyrmont,Niedersachsen,8,150288,0.002277,0.7184,0.0769,0.2842,0.7502,1,1.2433,1.3388
03254,Hildesheim,Niedersachsen,20,267027,0.004626,0.7328,0.0984,0.2038,0.8532,1,1.4213,1.5611
03255,Holzminden,Niedersachsen,32,66159,0.001224,0.6792,0.0181,0.2760,0.7549,1,1.5181,1.5457
03256,Nienburg (Weser),Niedersachsen,36,120611,0.001107,0.4166,-0.3756,0.1410,0.6258,1,0.7531,0.4702
03257,Schaumburg,Niedersachsen,38,156414,0.002376,1.2110,0.8154,0.3229,0.7434,1,1.2461,2.2622
03351,Celle,Niedersachsen,21,172308,0.002253,1.1036,0.6544,0.4782,0.6197,1,1.0728,1.7748
03352,Cuxhaven,Niedersachsen,28,148243,0.001719,0.6653,-0.0027,0.5396,0.4111,1,0.9516,0.9490
03353,Harburg,Niedersachsen,42,260929,0.003274,0.9374,0.4052,0.4039,0.7197,1,1.0295,1.4466
03354,Lüchow-Dannenberg,Niedersachsen,27,46637,0.000430,0.7202,0.0797,0.4008,0.6747,1,0.7569,0.8172
03355,Lüneburg,Niedersachsen,43,176629,0.001943,1.2194,0.8279,0.4679,0.7689,1,0.9024,1.6494
03356,Osterholz,Niedersachsen,11,113025,0.001444,0.4987,-0.2525,0.2966,0.4245,1,1.0481,0.7834
03357,Rotenburg (Wümme),Niedersachsen,57,163496,0.001982,0.8254,0.2373,0.3640,0.5896,1,0.9945,1.2305
03358,Heidekreis,Niedersachsen,23,142771,0.001190,0.9475,0.4203,0.3173,0.6492,1,0.6836,0.9709
03359,Stade,Niedersachsen,40,204623,0.002023,0.8180,0.2262,0.4257,0.6553,1,0.8111,0.9946
03360,Uelzen,Niedersachsen,27,90540,0.000990,1.1639,0.7447,0.5223,0.7678,1,0.8974,1.5658
03361,Verden,Niedersachsen,11,136680,0.001709,0.7053,0.0573,0.3764,0.5925,1,1.0257,1.0845
03401,Delmenhorst,Niedersachsen,1,80845,0.000989,0.5544,-0.1689,0.3738,0.4616,1,1.0035,0.8340
03402,Emden,Niedersachsen,1,48920,0.000136,0.6004,-0.1000,1.0427,-0.1508,1,0.2278,0.2050
03403,Oldenburg (Oldb),Niedersachsen,1,172759,0.002290,0.4110,-0.3838,0.5526,0.2224,1,1.0876,0.6702
03404,Osnabrück,Niedersachsen,1,164898,0.001759,0.6912,0.0362,0.4236,0.5262,1,0.8750,0.9067
03405,Wilhelmshaven,Niedersachsen,1,75366,0.001033,0.4842,-0.2742,0.4981,0.1618,1,1.1244,0.8161
03451,Ammerland,Niedersachsen,6,125961,0.002026,0.3708,-0.4442,0.5070,0.1272,1,1.3197,0.7335
03452,Aurich,Niedersachsen,22,185767,0.002346,0.6676,0.0007,0.6161,-0.1039,1,1.0360,1.0367
03453,Cloppenburg,Niedersachsen,13,175408,0.002243,0.4459,-0.3316,0.4531,0.2645,1,1.0490,0.7012
03454,Emsland,Niedersachsen,60,328946,0.003216,0.4661,-0.3013,0.4224,0.1987,1,0.8020,0.5604
03455,Friesland,Niedersachsen,8,99652,0.001409,0.5299,-0.2057,0.4920,0.1283,1,1.1597,0.9211
03456,Grafschaft Bentheim,Niedersachsen,24,141647,0.001240,0.4946,-0.2586,0.3920,0.2999,1,0.7184,0.5326
03457,Leer,Niedersachsen,18,164242,0.001864,0.3797,-0.4309,0.5779,-0.0487,1,0.9309,0.5298
03458,Oldenburg,Niedersachsen,15,130329,0.001710,0.4899,-0.2656,0.3779,0.4065,1,1.0764,0.7906
03459,Osnabrück,Niedersachsen,34,356158,0.004382,0.6602,-0.0104,0.4575,0.5182,1,1.0093,0.9988
03460,Vechta,Niedersachsen,10,145112,0.001806,0.6224,-0.0670,0.4840,0.4444,1,1.0210,0.9527
03461,Wesermarsch,Niedersachsen,9,88613,0.001117,0.4323,-0.3520,0.2824,0.3420,1,1.0338,0.6699
03462,Wittmund,Niedersachsen,18,54722,0.000741,1.0503,0.5744,0.5291,0.0652,1,1.1117,1.7503
04011,Bremen,Bremen,1,575071,0.006482,0.5742,-0.1393,0.3384,0.5102,1,0.9248,0.7960
04012,Bremerhaven,Bremen,1,118133,0.001433,0.7096,0.0636,0.6765,0.3560,1,0.9953,1.0587
05111,Düsseldorf,Nordrhein-Westfalen,1,611258,0.010651,0.5813,-0.1287,0.6727,0.5111,1,1.4296,1.2457
05112,Duisburg,Nordrhein-Westfalen,1,501415,0.006668,0.5894,-0.1164,0.4674,0.5207,1,1.0911,0.9641
05113,Essen,Nordrhein-Westfalen,1,571039,0.008787,0.5782,-0.1332,0.4375,0.5698,1,1.2625,1.0943
05114,Krefeld,Nordrhein-Westfalen,1,230666,0.003671,0.5789,-0.1322,0.4781,0.5564,1,1.3057,1.1330
05116,Mönchengladbach,Nordrhein-Westfalen,1,264089,0.004252,0.5696,-0.1462,0.3007,0.5624,1,1.3209,1.1278
05117,Mülheim an der Ruhr,Nordrhein-Westfalen,1,171435,0.002452,0.5464,-0.1809,0.4165,0.5280,1,1.1735,0.9612
05119,Oberhausen,Nordrhein-Westfalen,1,212127,0.003055,0.5852,-0.1228,0.4422,0.5321,1,1.1816,1.0365
05120,Remscheid,Nordrhein-Westfalen,1,113743,0.001476,0.5960,-0.1066,0.4935,0.5464,1,1.0645,0.9510
05122,Solingen,Nordrhein-Westfalen,1,164621,0.002255,0.5828,-0.1264,0.4981,0.5141,1,1.1239,0.9819
05124,Wuppertal,Nordrhein-Westfalen,1,356768,0.004666,0.6223,-0.0671,0.4396,0.5885,1,1.0729,1.0009
05154,Kleve,Nordrhein-Westfalen,16,315361,0.005486,0.7046,0.0562,0.6975,0.4940,1,1.4273,1.5075
05158,Mettmann,Nordrhein-Westfalen,10,488128,0.007545,0.5733,-0.1406,0.5106,0.5159,1,1.2682,1.0899
05162,Rhein-Kreis Neuss,Nordrhein-Westfalen,8,454412,0.008125,0.5587,-0.1624,0.4208,0.5352,1,1.4669,1.2286
05166,Viersen,Nordrhein-Westfalen,9,294485,0.004944,0.5677,-0.1490,0.3559,0.5567,1,1.3774,1.1721
05170,Wesel,Nordrhein-Westfalen,13,453093,0.006952,0.6172,-0.0748,0.4797,0.5455,1,1.2589,1.1648
05314,Bonn,Nordrhein-Westfalen,1,321544,0.003740,0.3744,-0.4387,0.1958,0.4836,1,0.9544,0.5357
05315,Köln,Nordrhein-Westfalen,1,1017355,0.012133,0.5027,-0.2465,0.3301,0.4479,1,0.9784,0.7373
05316,Leverkusen,Nordrhein-Westfalen,1,166356,0.002457,0.5459,-0.1817,0.4531,0.4575,1,1.2117,0.9916
05334,Städteregion Aachen,Nordrhein-Westfalen,9,529740,0.005344,0.6851,0.0270,0.3265,0.6440,1,0.8276,0.8500
05358,Düren,Nordrhein-Westfalen,15,275392,0.004089,0.5570,-0.1651,0.2331,0.6302,1,1.2181,1.0171
05362,Rhein-Erft-Kreis,Nordrhein-Westfalen,10,471257,0.007245,0.4391,-0.3417,0.2228,0.5419,1,1.2614,0.8303
05366,Euskirchen,Nordrhein-Westfalen,11,197836,0.003137,0.4360,-0.3465,0.3130,0.5466,1,1.3008,0.8501
05370,Heinsberg,Nordrhein-Westfalen,10,258975,0.003750,0.5638,-0.1549,0.2827,0.5519,1,1.1881,1.0041
05374,Oberbergischer Kreis,Nordrhein-Westfalen,13,272744,0.003631,0.5836,-0.1251,0.5990,0.4950,1,1.0922,0.9556
05378,Rheinisch-Bergischer Kreis,Nordrhein-Westfalen,8,282677,0.003549,0.5152,-0.2276,0.3984,0.4325,1,1.0302,0.7957
05382,Rhein-Sieg-Kreis,Nordrhein-Westfalen,19,600286,0.007454,0.4127,-0.3813,0.2586,0.4479,1,1.0188,0.6303
05512,Bottrop,Nordrhein-Westfalen,1,117921,0.001813,0.6396,-0.0413,0.5179,0.5646,1,1.2614,1.2093
05513,Gelsenkirchen,Nordrhein-Westfalen,1,264130,0.004184,0.6610,-0.0091,0.5012,0.6067,1,1.2997,1.2878
05515,Münster,Nordrhein-Westfalen,1,303772,0.001564,0.5276,-0.2092,0.4469,0.5769,1,0.4224,0.3340
05554,Borken,Nordrhein-Westfalen,17,374418,0.003946,0.6492,-0.0268,0.7088,0.4351,1,0.8646,0.8415
05558,Coesfeld,Nordrhein-Westfalen,11,222953,0.002754,0.5625,-0.1568,0.4541,0.5929,1,1.0135,0.8547
05562,Recklinghausen,Nordrhein-Westfalen,10,618350,0.009379,0.6732,0.0091,0.5196,0.6157,1,1.2445,1.2558
05566,Steinfurt,Nordrhein-Westfalen,24,443690,0.004910,0.5429,-0.1863,0.4270,0.4554,1,0.9080,0.7389
05570,Warendorf,Nordrhein-Westfalen,13,279209,0.003521,0.5132,-0.2307,0.4461,0.5985,1,1.0346,0.7959
05711,Bielefeld,Nordrhein-Westfalen,1,330072,0.004242,0.8205,0.2299,0.4489,0.7290,1,1.0544,1.2968
05754,Gütersloh,Nordrhein-Westfalen,13,359571,0.004659,0.6079,-0.0887,0.5210,0.6130,1,1.0630,0.9687
05758,Herford,Nordrhein-Westfalen,9,254008,0.003424,1.2417,0.8614,0.4783,0.7020,1,1.1059,2.0585
05762,Höxter,Nordrhein-Westfalen,10,138447,0.002063,0.5256,-0.2122,0.3868,0.6812,1,1.2224,0.9631
05766,Lippe,Nordrhein-Westfalen,16,348030,0.004511,0.7607,0.1403,0.4901,0.7486,1,1.0634,1.2126
05770,Minden-Lübbecke,Nordrhein-Westfalen,11,319456,0.004190,0.8810,0.3207,0.4280,0.6305,1,1.0760,1.4211
05774,Paderborn,Nordrhein-Westfalen,10,313102,0.003282,0.7108,0.0655,0.8259,0.6886,1,0.8601,0.9164
05911,Bochum,Nordrhein-Westfalen,1,354288,0.005564,0.6856,0.0278,0.5194,0.6455,1,1.2885,1.3243
05913,Dortmund,Nordrhein-Westfalen,1,598246,0.007638,0.6664,-0.0011,0.4876,0.6711,1,1.0475,1.0463
05914,Hagen,Nordrhein-Westfalen,1,189614,0.002133,0.7330,0.0988,0.5521,0.7001,1,0.9231,1.0143
05915,Hamm,Nordrhein-Westfalen,1,179070,0.002253,0.5837,-0.1250,0.4450,0.6916,1,1.0323,0.9032
05916,Herne,Nordrhein-Westfalen,1,155446,0.002413,0.6877,0.0309,0.5164,0.6288,1,1.2738,1.3131
05954,Ennepe-Ruhr-Kreis,Nordrhein-Westfalen,9,314154,0.004448,0.6823,0.0227,0.5013,0.6633,1,1.1617,1.1881
05958,Hochsauerlandkreis,Nordrhein-Westfalen,12,260512,0.003089,0.8386,0.2570,1.2800,0.6525,1,0.9728,1.2228
05962,Märkischer Kreis,Nordrhein-Westfalen,15,409960,0.004071,0.7824,0.1729,0.7752,0.6772,1,0.8148,0.9557
05966,Olpe,Nordrhein-Westfalen,7,132230,0.001257,0.8426,0.2631,1.0661,0.5174,1,0.7797,0.9848
05970,Siegen-Wittgenstein,Nordrhein-Westfalen,11,273746,0.003295,0.6921,0.0374,1.2458,0.4088,1,0.9875,1.0245
05974,Soest,Nordrhein-Westfalen,14,298067,0.004030,0.9310,0.3956,1.2291,0.7717,1,1.1093,1.5481
05978,Unna,Nordrhein-Westfalen,10,393393,0.005389,0.6136,-0.0802,0.4432,0.6717,1,1.1238,1.0336
06411,Darmstadt,Hessen,1,161767,0.000690,0.6654,-0.0026,0.7174,0.4709,1,0.3499,0.3490
06412,Frankfurt am Main,Hessen,1,743268,0.008034,0.7152,0.0722,2.6952,0.4151,1,0.8869,0.9508
06413,Offenbach am Main,Hessen,1,129479,0.001432,0.7270,0.0898,2.5769,0.4411,1,0.9073,0.9888
06414,Wiesbaden,Hessen,1,284260,0.003878,0.4410,-0.3390,0.7220,0.3418,1,1.1194,0.7399
06431,Bergstraße,Hessen,22,271617,0.002955,0.7305,0.0950,0.4981,0.5735,1,0.8926,0.9774
06432,Darmstadt-Dieburg,Hessen,23,299862,0.003065,0.7726,0.1582,1.0548,0.5021,1,0.8387,0.9714
06433,Groß-Gerau,Hessen,14,264354,0.002979,0.4976,-0.2541,0.7636,0.3791,1,0.9245,0.6896
06434,Hochtaunuskreis,Hessen,13,238604,0.002406,0.8210,0.2306,1.1829,0.4374,1,0.8275,1.0183
06435,Main-Kinzig-Kreis,Hessen,28,318462,0.003891,0.6491,-0.0269,0.7839,0.4333,1,1.0024,0.9754
06436,Main-Taunus-Kreis,Hessen,12,237050,0.002839,0.4972,-0.2547,0.9860,0.3091,1,0.9825,0.7323
06437,Odenwaldkreis,Hessen,12,94576,0.001238,1.1246,0.6859,1.0567,0.6604,1,1.0741,1.8108
06438,Offenbach,Hessen,13,351706,0.004363,0.6528,-0.0214,0.9998,0.4244,1,1.0178,0.9960
06439,Rheingau-Taunus-Kreis,Hessen,17,185308,0.002524,0.4508,-0.3242,0.7133,0.3813,1,1.1177,0.7553
06440,Wetteraukreis,Hessen,25,307056,0.003310,0.6171,-0.0749,0.6978,0.4401,1,0.8843,0.8181
06531,Gießen,Hessen,18,264705,0.002971,0.7871,0.1799,0.8514,0.3402,1,0.9207,1.0864
06532,Lahn-Dill-Kreis,Hessen,23,251972,0.002962,0.6144,-0.0789,1.0434,0.3098,1,0.9644,0.8883
06533,Limburg-Weilburg,Hessen,19,173279,0.002427,0.4655,-0.3022,0.6198,0.3757,1,1.1491,0.8018
06534,Marburg-Biedenkopf,Hessen,22,240664,0.002971,0.5206,-0.2196,0.8621,0.3612,1,1.0127,0.7904
06535,Vogelsbergkreis,Hessen,19,101014,0.001287,0.4824,-0.2769,0.5095,0.4332,1,1.0453,0.7558
06611,Kassel,Hessen,1,195012,0.002033,0.5630,-0.1560,0.6663,0.5562,1,0.8555,0.7220
06631,Fulda,Hessen,23,219953,0.003406,0.6599,-0.0109,0.7465,0.5350,1,1.2704,1.2566
06632,Hersfeld-Rotenburg,Hessen,20,118253,0.001748,0.6600,-0.0107,0.8919,0.5235,1,1.2129,1.2000
06633,Kassel,Hessen,28,229935,0.003326,0.5384,-0.1930,0.5111,0.5814,1,1.1867,0.9577
06634,Schwalm-Eder-Kreis,Hessen,27,178587,0.002479,0.6691,0.0029,0.7952,0.5840,1,1.1389,1.1423
06635,Waldeck-Frankenberg,Hessen,21,152617,0.002033,0.6138,-0.0800,1.0588,0.5508,1,1.0929,1.0055
06636,Werra-Meißner-Kreis,Hessen,16,98421,0.001800,0.6420,-0.0377,0.4942,0.5707,1,1.5001,1.4436
07111,Koblenz,Rheinland-Pfalz,1,112963,0.001587,0.2487,-0.6272,0.2890,0.2556,1,1.1529,0.4299
07131,Ahrweiler,Rheinland-Pfalz,74,127699,0.002096,0.4544,-0.3188,0.6906,0.3891,1,1.3470,0.9175
07132,Altenkirchen (Westerwald),Rheinland-Pfalz,118,131159,0.001444,0.5134,-0.2305,0.6059,0.4080,1,0.9033,0.6951
07133,Bad Kreuznach,Rheinland-Pfalz,118,163672,0.001924,0.2367,-0.6453,0.1733,0.4567,1,0.9646,0.3422
07134,Birkenfeld,Rheinland-Pfalz,96,82062,0.000858,0.5816,-0.1281,0.8215,0.5072,1,0.8577,0.7478
07135,Cochem-Zell,Rheinland-Pfalz,89,61536,0.000872,0.3969,-0.4051,0.5194,0.3795,1,1.1620,0.6913
07137,Mayen-Koblenz,Rheinland-Pfalz,87,215317,0.002920,0.2615,-0.6080,0.2888,0.2932,1,1.1127,0.4362
07138,Neuwied,Rheinland-Pfalz,62,186866,0.002153,0.2361,-0.6460,0.1941,0.3001,1,0.9452,0.3346
07140,Rhein-Hunsrück-Kreis,Rheinland-Pfalz,137,105319,0.001434,0.3507,-0.4742,0.4292,0.3839,1,1.1172,0.5874
07141,Rhein-Lahn-Kreis,Rheinland-Pfalz,137,124391,0.002086,0.3599,-0.4605,0.4523,0.3400,1,1.3762,0.7424
07143,Westerwaldkreis,Rheinland-Pfalz,192,206605,0.002372,0.4554,-0.3174,0.5944,0.3574,1,0.9420,0.6430
07211,Trier,Rheinland-Pfalz,1,102727,0.001790,0.5698,-0.1458,0.4059,0.4841,1,1.4296,1.2211
07231,Bernkastel-Wittlich,Rheinland-Pfalz,107,112796,0.001712,0.4524,-0.3219,0.4589,0.4149,1,1.2455,0.8446
07232,Eifelkreis Bitburg-Prüm,Rheinland-Pfalz,232,98632,0.001240,0.4371,-0.3448,0.3774,0.4390,1,1.0315,0.6759
07233,Vulkaneifel,Rheinland-Pfalz,109,59281,0.000755,0.4196,-0.3710,0.4797,0.4247,1,1.0450,0.6573
07235,Trier-Saarburg,Rheinland-Pfalz,104,147805,0.001983,0.5946,-0.1087,0.4408,0.5001,1,1.1010,0.9813
07311,Frankenthal (Pfalz),Rheinland-Pfalz,1,47992,0.000483,0.7423,0.1127,0.5298,0.6479,1,0.8264,0.9195
07312,Kaiserslautern,Rheinland-Pfalz,1,99689,0.001225,0.5814,-0.1284,0.4962,0.5558,1,1.0084,0.8788
07313,Landau in der Pfalz,Rheinland-Pfalz,1,47072,0.000594,0.5687,-0.1475,0.4077,0.4995,1,1.0352,0.8826
07314,Ludwigshafen am Rhein,Rheinland-Pfalz,1,172889,0.001385,0.7288,0.0925,0.4891,0.5931,1,0.6571,0.7178
07315,Mainz,Rheinland-Pfalz,1,220386,0.002811,0.4388,-0.3422,0.7104,0.3591,1,1.0466,0.6885
07316,Neustadt an der Weinstraße,Rheinland-Pfalz,1,52778,0.000544,1.1230,0.6834,1.2984,0.6254,1,0.8454,1.4232
07317,Pirmasens,Rheinland-Pfalz,1,38936,0.000516,0.5148,-0.2283,0.3780,0.5381,1,1.0874,0.8392
07318,Speyer,Rheinland-Pfalz,1,49482,0.000610,0.6744,0.0110,0.5449,0.5674,1,1.0121,1.0232
07319,Worms,Rheinland-Pfalz,1,84986,0.000895,0.6819,0.0221,0.4823,0.6474,1,0.8638,0.8829
07320,Zweibrücken,Rheinland-Pfalz,1,33141,0.000405,0.5631,-0.1559,0.4281,0.5365,1,1.0017,0.8455
07331,Alzey-Worms,Rheinland-Pfalz,69,129739,0.001591,0.5134,-0.2304,0.4074,0.5755,1,1.0059,0.7741
07332,Bad Dürkheim,Rheinland-Pfalz,48,133847,0.001634,0.8736,0.3096,0.7827,0.6719,1,1.0014,1.3115
07333,Donnersbergkreis,Rheinland-Pfalz,81,74787,0.000924,0.5403,-0.1901,0.4099,0.6004,1,1.0140,0.8212
07334,Germersheim,Rheinland-Pfalz,30,129956,0.001653,0.5636,-0.1552,0.3784,0.5167,1,1.0438,0.8818
07335,Kaiserslautern,Rheinland-Pfalz,50,105761,0.001278,0.5647,-0.1535,0.4989,0.5589,1,0.9917,0.8395
07336,Kusel,Rheinland-Pfalz,98,69530,0.000826,0.4987,-0.2524,0.4421,0.5246,1,0.9747,0.7287
07337,Südliche Weinstraße,Rheinland-Pfalz,75,112576,0.001517,0.5917,-0.1131,0.4169,0.5050,1,1.1058,0.9807
07338,Rhein-Pfalz-Kreis,Rheinland-Pfalz,25,155243,0.001739,0.7546,0.1312,0.6082,0.6203,1,0.9192,1.0397
07339,Mainz-Bingen,Rheinland-Pfalz,64,205297,0.002552,0.4000,-0.4004,0.5104,0.4199,1,1.0197,0.6114
07340,Südwestpfalz,Rheinland-Pfalz,83,90398,0.001249,0.5222,-0.2172,0.3844,0.5259,1,1.1334,0.8872
08111,Stuttgart,Baden-Württemberg,1,610458,0.006000,0.3590,-0.4618,0.1948,0.4564,1,0.8064,0.4340
08115,Böblingen,Baden-Württemberg,26,389650,0.004934,0.3391,-0.4917,0.2461,0.4902,1,1.0390,0.5281
08116,Esslingen,Baden-Württemberg,44,529895,0.008377,0.3471,-0.4797,0.2263,0.4551,1,1.2970,0.6748
08117,Göppingen,Baden-Württemberg,38,255589,0.002606,0.4533,-0.3204,0.2648,0.5206,1,0.8364,0.5684
08118,Ludwigsburg,Baden-Württemberg,39,528576,0.006568,0.3652,-0.4525,0.2903,0.4733,1,1.0195,0.5582
08119,Rems-Murr-Kreis,Baden-Württemberg,31,435660,0.005133,0.3984,-0.4028,0.3057,0.4582,1,0.9667,0.5773
08121,Heilbronn,Baden-Württemberg,1,128303,0.001385,0.5071,-0.2398,0.3790,0.5327,1,0.8857,0.6733
08125,Heilbronn,Baden-Württemberg,46,348958,0.003937,0.5142,-0.2292,0.4093,0.5336,1,0.9255,0.7134
08126,Hohenlohekreis,Baden-Württemberg,16,114027,0.000933,0.7549,0.1316,0.5377,0.5575,1,0.6714,0.7598
08127,Schwäbisch Hall,Baden-Württemberg,30,197296,0.002432,0.8319,0.2471,0.8030,0.5323,1,1.0112,1.2610
08128,Main-Tauber-Kreis,Baden-Württemberg,18,132215,0.001666,0.6025,-0.0968,0.3660,0.4824,1,1.0340,0.9339
08135,Heidenheim,Baden-Württemberg,11,133426,0.001263,0.2335,-0.6499,0.1232,0.4675,1,0.7767,0.2719
08136,Ostalbkreis,Baden-Württemberg,42,314697,0.004268,0.5526,-0.1716,0.3812,0.5262,1,1.1126,0.9216
08211,Baden-Baden,Baden-Württemberg,1,55887,0.000965,0.3038,-0.5446,0.0981,0.4843,1,1.4170,0.6453
08212,Karlsruhe,Baden-Württemberg,1,305408,0.003855,0.6309,-0.0543,0.3130,0.4769,1,1.0357,0.9795
08215,Karlsruhe,Baden-Württemberg,32,451114,0.006750,0.5645,-0.1538,0.3966,0.5034,1,1.2276,1.0388
08216,Rastatt,Baden-Württemberg,23,230071,0.003715,0.3118,-0.5327,0.1101,0.4891,1,1.3248,0.6191
08221,Heidelberg,Baden-Württemberg,1,153809,0.001658,0.5980,-0.1036,0.4693,0.5084,1,0.8842,0.7926
08222,Mannheim,Baden-Württemberg,1,313693,0.002440,0.7365,0.1040,0.4856,0.5951,1,0.6383,0.7047
08225,Neckar-Odenwald-Kreis,Baden-Württemberg,27,144470,0.001577,0.5495,-0.1763,0.4679,0.4885,1,0.8953,0.7375
08226,Rhein-Neckar-Kreis,Baden-Württemberg,54,554521,0.006563,0.6086,-0.0877,0.4268,0.5283,1,0.9710,0.8858
08231,Pforzheim,Baden-Württemberg,1,133110,0.001494,0.4209,-0.3691,0.2443,0.5419,1,0.9211,0.5811
08235,Calw,Baden-Württemberg,25,159421,0.002315,0.3940,-0.4093,0.2529,0.5195,1,1.1916,0.7038
08236,Enzkreis,Baden-Württemberg,28,197899,0.003082,0.4474,-0.3293,0.3051,0.5284,1,1.2779,0.8571
08237,Freudenstadt,Baden-Württemberg,16,120401,0.000865,0.4531,-0.3207,0.2407,0.5541,1,0.5894,0.4004
08311,Freiburg im Breisgau,Baden-Württemberg,1,233040,0.001542,0.9187,0.3772,0.4385,0.6204,0,0.5431,0.7479
08315,Breisgau-Hochschwarzwald,Baden-Württemberg,49,256301,0.003739,0.5970,-0.1051,-0.5448,0.5685,1,1.1970,1.0712
08316,Emmendingen,Baden-Württemberg,24,166850,0.001772,0.5217,-0.2180,-1.7330,0.5117,1,0.8715,0.6815
08317,Ortenaukreis,Baden-Württemberg,51,437242,0.006275,0.3776,-0.4340,-0.1018,0.5305,1,1.1775,0.6664
08325,Rottweil,Baden-Württemberg,21,138933,0.001214,0.5263,-0.2110,0.1560,0.5549,1,0.7170,0.5657
08326,Schwarzwald-Baar-Kreis,Baden-Württemberg,20,210596,0.001924,0.5133,-0.2305,0.1828,0.5830,1,0.7497,0.5769
08327,Tuttlingen,Baden-Württemberg,26,105675,0.000410,0.5466,-0.1806,0.2760,0.5352,1,0.3186,0.2610
08335,Konstanz,Baden-Württemberg,24,286067,0.002863,0.5725,-0.1419,0.4605,0.4954,1,0.8212,0.7047
08336,Lörrach,Baden-Württemberg,35,233949,0.003534,0.2893,-0.5663,-0.2873,0.4003,1,1.2392,0.5374
08337,Waldshut,Baden-Württemberg,30,160899,0.002192,0.4299,-0.3556,0.2705,0.4859,1,1.1177,0.7203
08415,Reutlingen,Baden-Württemberg,26,289654,0.003579,0.4126,-0.3815,0.4352,0.5392,1,1.0138,0.6271
08416,Tübingen,Baden-Württemberg,15,229642,0.002237,0.4256,-0.3620,0.3334,0.5695,1,0.7993,0.5099
08417,Zollernalbkreis,Baden-Württemberg,25,191793,0.003180,0.6231,-0.0660,0.5607,0.6309,1,1.3603,1.2705
08421,Ulm,Baden-Württemberg,1,127116,0.000770,0.3430,-0.4858,0.3363,0.4166,1,0.4967,0.2554
08425,Alb-Donau-Kreis,Baden-Württemberg,55,198553,0.001483,0.3621,-0.4572,0.3272,0.4409,1,0.6127,0.3326
08426,Biberach,Baden-Württemberg,45,203323,0.001667,0.4223,-0.3669,0.4410,0.4426,1,0.6725,0.4257
08435,Bodenseekreis,Baden-Württemberg,23,218476,0.001965,0.6642,-0.0043,0.5928,0.6056,1,0.7378,0.7346
08436,Ravensburg,Baden-Württemberg,39,285421,0.002950,0.5285,-0.2078,0.5555,0.4447,1,0.8479,0.6717
08437,Sigmaringen,Baden-Württemberg,25,131515,0.001261,0.6142,-0.0793,0.8525,0.4832,1,0.7867,0.7243
09161,Ingolstadt,Bayern,1,136468,0.002053,0.9245,0.3858,0.6699,0.4896,1,1.2342,1.7105
09162,München,Bayern,1,1478638,0.017742,0.6850,0.0268,0.7725,0.5055,1,0.9845,1.0108
09163,Rosenheim,Bayern,1,63284,0.000753,0.6660,-0.0016,0.3665,0.6230,1,0.9765,0.9749
09171,Altötting,Bayern,24,111881,0.001372,0.7865,0.1790,0.4632,0.5740,1,1.0061,1.1861
09172,Berchtesgadener Land,Bayern,15,103867,0.001276,0.5637,-0.1549,0.2476,0.4757,1,1.0080,0.8519
09173,Bad Tölz-Wolfratshausen,Bayern,21,129131,0.000865,0.3377,-0.4938,0.2420,0.5935,1,0.5495,0.2781
09174,Dachau,Bayern,17,150689,0.001660,0.5463,-0.1811,0.5939,0.4939,1,0.9039,0.7402
09175,Ebersberg,Bayern,21,141747,0.001413,0.5729,-0.1412,0.7415,0.5390,1,0.8180,0.7025
09176,Eichstätt,Bayern,30,133409,0.001738,0.9309,0.3955,0.6008,0.4848,1,1.0688,1.4915
09177,Erding,Bayern,26,137644,0.001565,0.5861,-0.1214,0.5716,0.5121,1,0.9331,0.8198
09178,Freising,Bayern,24,180064,0.001884,0.5502,-0.1753,0.6091,0.4809,1,0.8584,0.7079
09179,Fürstenfeldbruck,Bayern,23,214553,0.002089,0.5245,-0.2138,0.4654,0.5150,1,0.7990,0.6282
09180,Garmisch-Partenkirchen,Bayern,16,76491,0.000162,0.5997,-0.1010,0.4955,0.4891,1,0.1736,0.1561
09181,Landsberg am Lech,Bayern,31,119086,0.001007,0.3935,-0.4101,0.3354,0.5508,1,0.6940,0.4094
09182,Miesbach,Bayern,17,96154,0.001049,0.3230,-0.5158,0.2873,0.4743,1,0.8949,0.4333
09183,Mühldorf a.Inn,Bayern,31,119652,0.001384,1.0623,0.5923,0.6456,0.5986,1,0.9487,1.5106
09184,München,Bayern,29,348611,0.003588,0.5418,-0.1878,0.5814,0.5174,1,0.8444,0.6858
09185,Neuburg-Schrobenhausen,Bayern,18,97166,0.001476,0.6339,-0.0498,0.3571,0.4930,1,1.2461,1.1840
09186,Pfaffenhofen a.d.Ilm,Bayern,19,127528,0.001419,0.6780,0.0163,0.5624,0.5055,1,0.9129,0.9278
09187,Rosenheim,Bayern,45,247583,0.003209,0.5398,-0.1908,0.3987,0.5565,1,1.0635,0.8606
09188,Starnberg,Bayern,14,138325,0.001462,0.4806,-0.2796,0.4181,0.5573,1,0.8670,0.6246
09189,Traunstein,Bayern,35,170443,0.001535,0.6200,-0.0705,0.3140,0.6386,1,0.7390,0.6868
09190,Weilheim-Schongau,Bayern,34,136598,0.000698,0.3949,-0.4080,0.3330,0.5301,1,0.4195,0.2483
09261,Landshut,Bayern,1,67880,0.000499,0.6638,-0.0050,0.6209,0.5352,1,0.6026,0.5996
09262,Passau,Bayern,1,51907,0.000430,0.6771,0.0150,0.5492,0.5097,1,0.6800,0.6902
09263,Straubing,Bayern,1,46167,0.000501,0.9841,0.4752,0.6451,0.6171,1,0.8895,1.3122
09271,Deggendorf,Bayern,26,119231,0.000707,0.5934,-0.1105,0.5082,0.4571,1,0.4865,0.4327
09272,Freyung-Grafenau,Bayern,25,77917,0.000707,0.5658,-0.1518,0.5259,0.3892,1,0.7443,0.6313
09273,Kelheim,Bayern,24,123830,0.001198,0.7799,0.1691,0.5225,0.5657,1,0.7939,0.9281
09274,Landshut,Bayern,35,159168,0.001411,0.6687,0.0024,0.5930,0.5563,1,0.7272,0.7289
09275,Passau,Bayern,38,191740,0.002168,0.6157,-0.0770,0.5166,0.4926,1,0.9278,0.8563
09276,Regen,Bayern,20,68237,0.000260,0.5208,-0.2193,0.5541,0.4114,1,0.3126,0.2441
09277,Rottal-Inn,Bayern,31,118818,0.001480,0.6664,-0.0010,0.4659,0.5448,1,1.0217,1.0207
09278,Straubing-Bogen,Bayern,37,102067,0.000816,0.8231,0.2339,0.6046,0.5800,1,0.6556,0.8089
09279,Dingolfing-Landau,Bayern,15,98561,0.001009,0.5790,-0.1321,0.4678,0.6075,1,0.8398,0.7289
09361,Amberg,Bayern,1,41876,0.000234,0.7398,0.1090,0.6195,0.5607,1,0.4592,0.5093
09362,Regensburg,Bayern,1,145901,0.000449,1.3113,0.9656,0.6092,0.6946,1,0.2527,0.4967
09363,Weiden i.d.OPf.,Bayern,1,42047,0.000249,2.3637,2.5432,1.5012,0.6489,1,0.4857,1.7211
09371,Amberg-Sulzbach,Bayern,27,103243,0.000888,0.8492,0.2729,0.7830,0.5518,1,0.7059,0.8986
09372,Cham,Bayern,36,119916,0.000248,0.6038,-0.0950,0.5428,0.5366,1,0.1696,0.1535
09373,Neumarkt i.d.OPf.,Bayern,19,136136,0.001435,0.8530,0.2786,0.4883,0.5602,1,0.8648,1.1057
09374,Neustadt a.d.Waldnaab,Bayern,37,92459,0.000720,1.1872,0.7797,1.0319,0.6043,1,0.6390,1.1371
09375,Regensburg,Bayern,41,190526,0.001057,0.9597,0.4386,0.5944,0.6092,1,0.4550,0.6546
09376,Schwandorf,Bayern,33,147256,0.000893,0.7469,0.1196,0.8691,0.5057,1,0.4975,0.5570
09377,Tirschenreuth,Bayern,26,72531,0.000819,0.8902,0.3345,0.8144,0.5706,1,0.9263,1.2361
09461,Bamberg,Bayern,1,72764,0.000660,1.3981,1.0958,0.7421,0.6633,1,0.7439,1.5591
09462,Bayreuth,Bayern,1,72289,0.001202,1.7384,1.6058,2.4299,0.5396,1,1.3647,3.5562
09463,Coburg,Bayern,1,40296,0.000114,0.6705,0.0051,0.8229,0.5705,1,0.2317,0.2329
09464,Hof,Bayern,1,45598,0.000348,1.5896,1.3828,1.8603,0.5532,1,0.6270,1.4941
09471,Bamberg,Bayern,36,146853,0.001339,1.0205,0.5298,0.6811,0.6297,1,0.7480,1.1443
09472,Bayreuth,Bayern,33,102845,0.001557,1.2023,0.8022,1.0408,0.5530,1,1.2419,2.2382
09473,Coburg,Bayern,17,84106,0.000305,0.6787,0.0174,0.8012,0.5563,1,0.2977,0.3029
09474,Forchheim,Bayern,29,114933,0.001287,0.8039,0.2050,0.8145,0.5211,1,0.9187,1.1070
09475,Hof,Bayern,27,92878,0.000936,1.1378,0.7056,0.9814,0.5956,1,0.8270,1.4104
09476,Kronach,Bayern,18,65099,0.000238,0.9686,0.4519,1.3912,0.5266,1,0.3003,0.4361
09477,Kulmbach,Bayern,22,71505,0.000900,1.0503,0.5744,1.2243,0.5219,1,1.0331,1.6265
09478,Lichtenfels,Bayern,11,67373,0.000414,0.8591,0.2878,0.9206,0.6227,1,0.5043,0.6494
09479,Wunsiedel i.Fichtelgebirge,Bayern,17,70884,0.000994,0.8278,0.2408,0.5865,0.6142,1,1.1508,1.4279
09561,Ansbach,Bayern,1,39601,0.000318,0.8057,0.2078,0.3918,0.5068,1,0.6594,0.7965
09562,Erlangen,Bayern,1,112220,0.001448,0.6886,0.0322,0.8039,0.5225,1,1.0588,1.0930
09563,Fürth,Bayern,1,130126,0.000844,0.6740,0.0103,0.6035,0.5615,1,0.5324,0.5379
09564,Nürnberg,Bayern,1,522554,0.003592,0.7094,0.0634,0.6280,0.5572,1,0.5639,0.5997
09565,Schwabach,Bayern,1,40865,0.000387,0.7498,0.1240,0.4749,0.5555,1,0.7774,0.8738
09571,Ansbach,Bayern,58,185708,0.001931,0.7913,0.1862,0.4531,0.5050,1,0.8533,1.0122
09572,Erlangen-Höchstadt,Bayern,25,137484,0.001520,0.7197,0.0789,0.7362,0.5377,1,0.9068,0.9784
09573,Fürth,Bayern,14,117191,0.001000,0.7080,0.0614,0.5766,0.5715,1,0.6999,0.7428
09574,Nürnberger Land,Bayern,27,168700,0.001689,0.8653,0.2970,0.7437,0.5402,1,0.8214,1.0653
09575,Neustadt a.d.Aisch-Bad Windsheim,Bayern,38,100023,0.000986,0.6721,0.0075,0.4884,0.5324,1,0.8088,0.8148
09576,Roth,Bayern,16,127255,0.001312,0.7608,0.1405,0.4074,0.5351,1,0.8460,0.9648
09577,Weißenburg-Gunzenhausen,Bayern,27,94124,0.000881,0.6683,0.0017,0.2785,0.4556,1,0.7680,0.7693
09661,Aschaffenburg,Bayern,1,71692,0.001067,0.7400,0.1092,1.5653,0.4095,1,1.2209,1.3543
09662,Schweinfurt,Bayern,1,53242,0.000689,0.3694,-0.4462,0.2459,0.4454,1,1.0619,0.5881
09663,Würzburg,Bayern,1,131316,0.001859,0.5521,-0.1725,0.3412,0.4229,1,1.1612,0.9610
09671,Aschaffenburg,Bayern,32,170549,0.002416,0.7537,0.1298,1.4206,0.4125,1,1.1624,1.3133
09672,Bad Kissingen,Bayern,26,103047,0.001392,0.3796,-0.4310,0.2396,0.4062,1,1.1079,0.6304
09673,Rhön-Grabfeld,Bayern,37,79114,0.000811,0.5540,-0.1695,0.3972,0.5722,1,0.8413,0.6987
09674,Haßberge,Bayern,26,83123,0.000787,0.5789,-0.1322,0.4136,0.5678,1,0.7772,0.6745
09675,Kitzingen,Bayern,31,90400,0.001073,0.5970,-0.1051,0.2860,0.5097,1,0.9738,0.8715
09676,Miltenberg,Bayern,32,126496,0.001704,0.8931,0.3388,1.0775,0.5370,1,1.1051,1.4795
09677,Main-Spessart,Bayern,40,125045,0.001969,0.6430,-0.0361,0.5986,0.4166,1,1.2921,1.2455
09678,Schweinfurt,Bayern,29,114486,0.001386,0.4101,-0.3853,0.2562,0.4670,1,0.9932,0.6105
09679,Würzburg,Bayern,52,159854,0.002260,0.5678,-0.1488,0.3523,0.4538,1,1.1598,0.9872
09761,Augsburg,Bayern,1,294647,0.001985,0.5460,-0.1815,0.3019,0.5327,1,0.5528,0.4525
09762,Kaufbeuren,Bayern,1,45186,0.000383,0.3006,-0.5493,0.3666,0.4012,1,0.6962,0.3138
09763,Kempten (Allgäu),Bayern,1,65050,0.000246,0.7401,0.1094,0.5275,0.5435,1,0.3098,0.3437
09764,Memmingen,Bayern,1,43300,0.000418,0.3633,-0.4554,0.3445,0.4044,1,0.7922,0.4314
09771,Aichach-Friedberg,Bayern,24,134361,0.001117,0.5341,-0.1994,0.3350,0.5163,1,0.6820,0.5460
09772,Augsburg,Bayern,46,258116,0.002213,0.4336,-0.3500,0.2609,0.4957,1,0.7034,0.4572
09773,Dillingen a.d.Donau,Bayern,27,96914,0.001120,0.3524,-0.4717,0.1689,0.4509,1,0.9485,0.5011
09774,Günzburg,Bayern,34,127608,0.001342,0.2955,-0.5571,0.1875,0.4438,1,0.8628,0.3822
09775,Neu-Ulm,Bayern,17,178576,0.001408,0.3280,-0.5083,0.2839,0.4285,1,0.6468,0.3180
09776,Lindau (Bodensee),Bayern,19,81771,0.000630,0.6245,-0.0639,0.5341,0.5233,1,0.6318,0.5914
09777,Ostallgäu,Bayern,45,139750,0.001032,0.3666,-0.4505,0.3536,0.4648,1,0.6056,0.3328
09778,Unterallgäu,Bayern,52,142261,0.001365,0.3309,-0.5040,0.3197,0.4385,1,0.7873,0.3905
09779,Donau-Ries,Bayern,44,133399,0.002149,0.5352,-0.1977,0.3211,0.4691,1,1.3217,1.0604
09780,Oberallgäu,Bayern,28,152066,0.000884,0.6723,0.0077,0.5421,0.5454,1,0.4771,0.4808
10041,Regionalverband Saarbrücken,Saarland,10,329138,0.007374,0.6553,-0.0178,0.4119,0.5013,1,1.8382,1.8055
10042,Merzig-Wadern,Saarland,7,108960,0.000873,0.6440,-0.0346,0.3640,0.5024,1,0.6573,0.6346
10043,Neunkirchen,Saarland,7,132824,0.001663,0.5712,-0.1438,0.5034,0.5020,1,1.0270,0.8793
10044,Saarlouis,Saarland,13,204475,0.001503,0.6971,0.0450,0.3691,0.4829,1,0.6029,0.6300
10045,Saarpfalz-Kreis,Saarland,7,143834,0.001979,0.6094,-0.0865,0.4859,0.5194,1,1.1290,1.0313
10046,St. Wendel,Saarland,8,87633,0.000809,0.5201,-0.2204,0.6134,0.4694,1,0.7575,0.5905
11000,Berlin,Berlin,1,3596999,0.034228,0.9324,0.3977,0.8300,0.5639,1,0.7807,1.0912
12051,Brandenburg an der Havel,Brandenburg,1,73552,0.000718,0.8739,0.3100,0.6011,0.7911,1,0.8010,1.0493
12052,Cottbus,Brandenburg,1,93926,0.000762,1.6361,1.4526,0.8444,0.6555,1,0.6654,1.6319
12053,Frankfurt (Oder),Brandenburg,1,55841,0.000663,0.6926,0.0382,0.6933,0.6220,1,0.9735,1.0108
12054,Potsdam,Brandenburg,1,182806,0.001742,0.7664,0.1489,0.6877,0.7354,1,0.7817,0.8980
12060,Barnim,Brandenburg,25,190278,0.002130,0.7636,0.1446,0.9591,0.6101,1,0.9183,1.0511
12061,Dahme-Spreewald,Brandenburg,37,175251,0.001921,1.0494,0.5730,1.1201,0.6064,1,0.8993,1.4147
12062,Elbe-Elster,Brandenburg,33,98980,0.001326,0.8092,0.2130,1.0681,0.6452,1,1.0991,1.3332
12063,Havelland,Brandenburg,26,167305,0.001581,0.6707,0.0054,0.5422,0.6789,1,0.7753,0.7795
12064,Märkisch-Oderland,Brandenburg,45,196118,0.002372,0.9164,0.3737,1.1217,0.6920,1,0.9925,1.3633
12065,Oberhavel,Brandenburg,19,216097,0.002108,0.6754,0.0124,0.6996,0.5907,1,0.8003,0.8102
12066,Oberspreewald-Lausitz,Brandenburg,25,109208,0.001466,0.7985,0.1970,1.2524,0.6299,1,1.1016,1.3185
12067,Oder-Spree,Brandenburg,37,178238,0.002148,1.0257,0.5376,1.0904,0.5991,1,0.9888,1.5204
12068,Ostprignitz-Ruppin,Brandenburg,23,98999,0.001302,0.5807,-0.1296,0.5392,0.6210,1,1.0791,0.9393
12069,Potsdam-Mittelmark,Brandenburg,38,218536,0.002308,0.7605,0.1400,0.6514,0.6633,1,0.8665,0.9878
12070,Prignitz,Brandenburg,26,76341,0.000791,0.6858,0.0280,0.4908,0.6391,1,0.8501,0.8739
12071,Spree-Neiße,Brandenburg,28,94893,0.000904,0.9521,0.4272,1.0374,0.5714,1,0.7812,1.1150
12072,Teltow-Fläming,Brandenburg,16,173560,0.001829,0.8620,0.2921,0.8342,0.6627,1,0.8647,1.1173
12073,Uckermark,Brandenburg,30,117909,0.000901,0.6104,-0.0850,0.7797,0.6251,1,0.6272,0.5739
13003,Rostock,Mecklenburg-Vorpommern,1,203470,0.002420,0.7751,0.1618,0.4888,0.8258,1,0.9757,1.1336
13004,Schwerin,Mecklenburg-Vorpommern,1,96447,0.000810,2.9263,3.3866,0.5322,1.0512,1,0.6892,3.0233
13071,Mecklenburgische Seenplatte,Mecklenburg-Vorpommern,146,247115,0.001790,0.7342,0.1006,0.5820,0.7479,1,0.5944,0.6542
13072,Rostock,Mecklenburg-Vorpommern,112,216849,0.002091,0.8494,0.2732,0.5493,0.8218,1,0.7912,1.0073
13073,Vorpommern-Rügen,Mecklenburg-Vorpommern,96,196779,0.001289,0.7344,0.1009,0.6076,0.6893,1,0.5373,0.5915
13074,Nordwestmecklenburg,Mecklenburg-Vorpommern,82,154047,0.001156,1.2273,0.8397,0.5135,0.8448,1,0.6159,1.1331
13075,Vorpommern-Greifswald,Mecklenburg-Vorpommern,136,224904,0.000549,0.5115,-0.2332,0.7536,0.4852,1,0.2003,0.1536
13076,Ludwigslust-Parchim,Mecklenburg-Vorpommern,142,208824,0.001626,0.9462,0.4184,0.4714,0.6389,1,0.6388,0.9061
14511,Chemnitz,Sachsen,1,240078,0.005217,0.8549,0.2815,1.2294,0.6794,1,1.7827,2.2845
14521,Erzgebirgskreis,Sachsen,58,324006,0.004236,0.7191,0.0779,0.7836,0.6013,1,1.0726,1.1561
14522,Mittelsachsen,Sachsen,51,292997,0.005568,0.6534,-0.0206,0.7563,0.7558,1,1.5591,1.5270
14523,Vogtlandkreis,Sachsen,37,221459,0.002892,1.0335,0.5492,0.9877,0.5340,1,1.0713,1.6597
14524,Zwickau,Sachsen,33,310249,0.004777,0.7591,0.1380,0.9121,0.5840,1,1.2632,1.4375
14612,Dresden,Sachsen,1,557782,0.008106,0.8947,0.3412,1.0481,0.8054,1,1.1923,1.5991
14625,Bautzen,Sachsen,57,296168,0.004242,0.7164,0.0739,0.9202,0.7207,1,1.1752,1.2620
14626,Görlitz,Sachsen,53,247014,0.003550,0.7577,0.1358,0.7217,0.8539,1,1.1791,1.3392
14627,Meißen,Sachsen,28,240414,0.004093,0.6546,-0.0188,0.8784,0.7084,1,1.3967,1.3705
14628,Sächsische Schweiz-Osterzgebirge,Sachsen,36,244202,0.003795,0.8158,0.2229,0.8113,0.8986,1,1.2751,1.5593
14713,Leipzig,Sachsen,1,598899,0.011308,0.6627,-0.0065,0.7991,0.8771,1,1.5491,1.5390
14729,Leipzig,Sachsen,30,259190,0.004843,0.6945,0.0410,0.8806,0.7960,1,1.5329,1.5957
14730,Nordsachsen,Sachsen,30,200090,0.003848,0.7621,0.1423,1.0935,0.8025,1,1.5778,1.8024
15001,Dessau-Roßlau,Sachsen-Anhalt,1,75938,0.001301,0.9078,0.3608,0.7446,0.8444,1,1.4056,1.9127
15002,Halle (Saale),Sachsen-Anhalt,1,226586,0.005308,0.6956,0.0427,0.6622,0.6859,1,1.9220,2.0040
15003,Magdeburg,Sachsen-Anhalt,1,241517,0.003244,0.9864,0.4786,0.4617,0.8406,1,1.1021,1.6296
15081,Altmarkkreis Salzwedel,Sachsen-Anhalt,13,81159,0.001020,0.8317,0.2467,0.3824,0.7177,1,1.0314,1.2859
15082,Anhalt-Bitterfeld,Sachsen-Anhalt,10,154059,0.003132,0.8684,0.3018,0.8467,0.8431,1,1.6680,2.1714
15083,Börde,Sachsen-Anhalt,34,168411,0.003006,0.7324,0.0979,0.3661,0.7736,1,1.4642,1.6075
15084,Burgenlandkreis,Sachsen-Anhalt,33,174746,0.003857,0.7463,0.1188,0.7237,0.8256,1,1.8107,2.0258
15085,Harz,Sachsen-Anhalt,20,207617,0.004812,0.5908,-0.1143,0.2727,0.8358,1,1.9015,1.6841
15086,Jerichower Land,Sachsen-Anhalt,8,88710,0.001263,0.8599,0.2890,0.4639,0.8199,1,1.1683,1.5060
15087,Mansfeld-Südharz,Sachsen-Anhalt,22,131514,0.003209,0.7854,0.1773,0.4704,0.8350,1,2.0017,2.3565
15088,Saalekreis,Sachsen-Anhalt,20,181788,0.004527,0.8078,0.2109,1.1911,0.7293,1,2.0433,2.4742
15089,Salzlandkreis,Sachsen-Anhalt,21,184199,0.004521,0.9535,0.4294,0.5444,1.0392,1,2.0139,2.8786
15090,Stendal,Sachsen-Anhalt,25,107250,0.001466,0.7780,0.1663,0.4395,0.8110,1,1.1218,1.3084
15091,Wittenberg,Sachsen-Anhalt,9,122949,0.001487,0.9185,0.3768,1.1083,0.7952,1,0.9925,1.3665
16051,Erfurt,Thüringen,1,218200,0.002331,0.9495,0.4233,0.2105,0.8730,1,0.8764,1.2474
16052,Gera,Thüringen,1,93120,0.001048,1.3621,1.0418,1.1493,0.7779,1,0.9233,1.8852
16053,Jena,Thüringen,1,110369,0.001317,0.5435,-0.1853,0.3071,0.7794,1,0.9793,0.7978
16054,Suhl,Thüringen,1,35410,0.000108,0.6519,-0.0227,0.6679,0.5444,1,0.2508,0.2451
16055,Weimar,Thüringen,1,65494,0.000921,0.6799,0.0192,0.7652,0.8678,1,1.1536,1.1757
16061,Eichsfeld,Thüringen,55,91184,0.001261,0.7922,0.1875,0.4670,0.6155,1,1.1342,1.3468
16062,Nordhausen,Thüringen,15,81415,0.001534,0.6684,0.0019,0.3081,0.6390,1,1.5456,1.5486
16063,Wartburgkreis,Thüringen,30,156177,0.002455,0.6648,-0.0035,0.4242,0.6420,1,1.2897,1.2852
16064,Unstrut-Hainich-Kreis,Thüringen,25,89466,0.001492,0.7407,0.1103,0.3439,0.7286,1,1.3685,1.5194
16065,Kyffhäuserkreis,Thüringen,28,72556,0.001570,0.7378,0.1059,0.2762,0.8767,1,1.7751,1.9631
16066,Schmalkalden-Meiningen,Thüringen,38,120696,0.001226,0.7436,0.1147,0.4325,0.6496,1,0.8330,0.9286
16067,Gotha,Thüringen,29,136212,0.001924,0.9122,0.3674,0.3147,0.8914,1,1.1587,1.5845
16068,Sömmerda,Thüringen,37,67553,0.001131,0.6760,0.0133,0.3185,0.8627,1,1.3734,1.3917
16069,Hildburghausen,Thüringen,32,61411,0.000329,0.6030,-0.0961,0.6166,0.5012,1,0.4391,0.3969
16070,Ilm-Kreis,Thüringen,16,106164,0.000994,1.1563,0.7332,0.5643,0.8641,1,0.7685,1.3320
16071,Weimarer Land,Thüringen,35,81844,0.001233,0.7545,0.1310,0.5201,0.8397,1,1.2359,1.3979
16072,Sonneberg,Thüringen,5,40704,0.000100,0.6271,-0.0600,0.8478,0.4400,1,0.2013,0.1892
16073,Saalfeld-Rudolstadt,Thüringen,12,79056,0.000346,0.4713,-0.2935,0.2879,0.6965,1,0.3596,0.2540
16074,Saale-Holzland-Kreis,Thüringen,91,83347,0.001221,0.7285,0.0920,0.5808,0.7734,1,1.2016,1.3121
16075,Saale-Orla-Kreis,Thüringen,59,78378,0.000863,0.7051,0.0570,0.6035,0.6969,1,0.9033,0.9548
16076,Greiz,Thüringen,41,88879,0.001127,0.8871,0.3297,0.8241,0.6560,1,1.0400,1.3829
16077,Altenburger Land,Thüringen,29,86969,0.001496,0.7051,0.0569,0.8609,0.6789,1,1.4116,1.4920
